Dose,Days,pH(KCl),S(w),Ca (w),Fe(w),Zn (w),Sr(w),Ba(w),P(w),K(w),Na (w),Mg(w),F(w),S(m),Ca (m),Fe(m),Zn (m),Sr(m),Ba(m),P(m),K(m),Na (m),Mg(m),FDA,AP,URE,DHA,SIR,SBR,E.fetida,S.alba ,A.sativa ,FDA_n,AP_n,URE_n,DHA_n,SIR_n,SBR_n,E.fetida_n,S.alba _n,A.sativa_n
0,7,6.5,0,67.7,5,0,1.3,0,3.4,17.1,19.9,26.4,0.16,0,906.9,1.1,3.7,5.9,5.8,2.6,31.9,1,68.9,19.81339517,200.1356285,428.1291513,31.23510295,5.267,1.7,10,4.5,2.1,54.76339184,90.55910791,89.69436674,100,96.99815838,90.42553191,100,87.890625,58.33333333
0,7,6.5,0,67.7,5,0,1.3,0,3.4,17.1,19.9,26.4,0.16,0,906.9,1.1,3.7,5.9,5.8,2.6,31.9,1,68.9,20.96438078,201.1917532,371.2454611,21.47830343,5.2,1.67,10,3.89,2,57.94466771,91.03699239,77.77705965,68.76335085,95.76427256,88.82978723,100,75.9765625,55.55555556
0,7,6.4,0,67.7,5,0,1.3,0,3.4,17.1,19.9,26.4,0.16,0,906.9,1.1,3.7,5.9,5.8,2.6,31.9,1,68.9,22.60864594,195.3830674,405.9089598,16.59990367,5.43,1.71,10,4.71,2.21,62.48934753,88.40862778,85.03916866,53.14502627,100,90.95744681,100,91.9921875,61.38888889
0,7,6.5,49.967,70.793,4.98,0,0.682,0.161,2.929,15.011,17.208,25.326,0.1541,0,935.601,2.959,3.567,5.164,5.738,0,35.453,0.843,104.197,22.36690253,151.2155236,311.2608517,12.92443671,3.621,1.866,10,4.2,2.7,61.82117891,68.42331387,65.21010051,41.37792255,66.68508287,99.25531915,100,82.03125,75
0,7,6.4,49.967,70.793,4.98,0,0.682,0.161,2.929,15.011,17.208,25.326,0.1541,0,935.601,2.959,3.567,5.164,5.738,0,35.453,0.843,104.197,25.19815601,151.6696243,311.2608517,12.74186419,3.61,1.88,10,4.35,2.63,69.64664459,68.62878928,65.21010051,40.79341187,66.4825046,100,100,84.9609375,73.05555556
0,7,6.5,49.967,70.793,4.98,0,0.682,0.161,2.929,15.011,17.208,25.326,0.1541,0,935.601,2.959,3.567,5.164,5.738,0,35.453,0.843,104.197,22.27252741,158.4811344,323.2715165,16.39331444,3.42,1.76,10,4.11,3,61.56033005,71.71092054,67.72637151,52.48362547,62.98342541,93.61702128,100,80.2734375,83.33333333
0,7,6.5,46.362,75.56,4.607,0.285,0.746,0.167,3.504,19.775,24.294,26.574,0.1898,0,706.362,0,2.921,3.983,5.351,0,29.96,0,66.859,24.9787372,169.9974335,432.4866439,20.78645942,4.051,1.086,10,5,3.4,69.0401802,76.92191561,90.60727477,66.54839415,74.60405157,57.76595745,100,97.65625,94.44444444
0,7,6.5,46.362,75.56,4.607,0.285,0.746,0.167,3.504,19.775,24.294,26.574,0.1898,0,706.362,0,2.921,3.983,5.351,0,29.96,0,66.859,24.87636532,169.0684858,447.9928831,27.0659535,4.11,1.05,10,5.12,2.89,68.75722864,76.50157727,93.8558793,86.65235889,75.69060773,55.85106383,100,100,80.27777778
0,7,6.4,46.362,75.56,4.607,0.285,0.746,0.167,3.504,19.775,24.294,26.574,0.1898,0,706.362,0,2.921,3.983,5.351,0,29.96,0,66.859,25.79771219,172.7842767,438.8715659,23.11884294,4,1.11,10,4.55,3.11,71.30379266,78.18293062,91.94493546,74.01558105,73.66482505,59.04255319,100,88.8671875,86.38888889
0,28,6.4,70.92019652,74.69127606,7.570043819,0.4340725,0.774266366,0.172752622,2.966405524,18.93506838,18.27114593,23.99415748,0.1196,0,779.5391887,0.207365104,6.313509256,5.125049232,11.37258763,2.018511225,45.37219378,0,47.00669555,31.14,189.01,311.2,22.11,4.2,0.58,10,4.21,2,86.06965174,85.52488688,65.19735188,70.78574397,77.3480663,30.85106383,100,82.2265625,55.55555556
0,28,6.4,70.92019652,74.69127606,7.570043819,0.4340725,0.774266366,0.172752622,2.966405524,18.93506838,18.27114593,23.99415748,0.1196,0,779.5391887,0.207365104,6.313509256,5.125049232,11.37258763,2.018511225,45.37219378,0,47.00669555,31.99509536,181.6286794,288.0505901,18.29,4.344505984,0.777719973,10,4.1,2,88.43309939,82.1849228,60.3474797,58.55591394,80.00931831,41.36808369,100,80.078125,55.55555556
0,28,6.4,70.92019652,74.69127606,7.570043819,0.4340725,0.774266366,0.172752622,2.966405524,18.93506838,18.27114593,23.99415748,0.1196,0,779.5391887,0.207365104,6.313509256,5.125049232,11.37258763,2.018511225,45.37219378,0,47.00669555,33.51,183.15,278.14,19.81,4.35,0.66,10,4.11,2.5,92.62023217,82.87330317,58.27118076,63.42223374,80.11049724,35.10638298,100,80.2734375,69.44444444
0,28,6.4,0,57.81021898,9.467816855,0,0.652687459,0,2.050165893,19.41871267,20.88918381,26.48838752,0.1312,0,688.5278253,0,3.2314827,5.544336272,10.51835285,0.046148533,31.03210104,0.892481252,59.6862255,33.32,221,456.11,19.45,3.12,0.74,10,4.7,3.4,92.09508015,100,95.55644012,62.26968432,57.45856354,39.36170213,100,91.796875,94.44444444
0,28,6.5,0,57.81021898,9.467816855,0,0.652687459,0,2.050165893,19.41871267,20.88918381,26.48838752,0.1312,0,688.5278253,0,3.2314827,5.544336272,10.51835285,0.046148533,31.03210104,0.892481252,59.6862255,36.18,212.15,477.32,17.11,3,0.76,10,4.6,3.6,100,95.99547511,100,54.77811304,55.24861878,40.42553191,100,89.84375,100
0,28,6.5,0,57.81021898,9.467816855,0,0.652687459,0,2.050165893,19.41871267,20.88918381,26.48838752,0.1312,0,688.5278253,0,3.2314827,5.544336272,10.51835285,0.046148533,31.03210104,0.892481252,59.6862255,30.86,214.52,456.37,20.3,3.14,0.64,10,4.21,3.5,85.2957435,97.0678733,95.61091092,64.99098157,57.82688766,34.04255319,100,82.2265625,97.22222222
0,28,6.4,13.60553265,49.10227424,9.980050539,0.395265328,0.574012502,0.165846522,2.505652347,27.66325309,20.32185131,20.21545418,0.1702,0,643.5387674,0,2.292246521,3.199801193,10.26838966,0,29.98011928,0,54.20477137,30.06,208.11,417.24,22.11,5,0.67,10,4.3,2.9,83.08457711,94.16742081,87.41305623,70.78574397,92.08103131,35.63829787,100,83.984375,80.55555556
0,28,6.4,13.60553265,49.10227424,9.980050539,0.395265328,0.574012502,0.165846522,2.505652347,27.66325309,20.32185131,20.21545418,0.1702,0,643.5387674,0,2.292246521,3.199801193,10.26838966,0,29.98011928,0,54.20477137,33.06,210.34,411.11,20.46,4.18,0.65,10,4.5,3,91.37645108,95.17647059,86.12880248,65.50322576,76.97974217,34.57446809,100,87.890625,83.33333333
0,28,6.4,13.60553265,49.10227424,9.980050539,0.395265328,0.574012502,0.165846522,2.505652347,27.66325309,20.32185131,20.21545418,0.1702,0,643.5387674,0,2.292246521,3.199801193,10.26838966,0,29.98011928,0,54.20477137,33.01,205.64,423.19,21.18,4.99,0.61,9,4.6,3.1,91.23825318,93.04977376,88.65959943,67.80832462,91.89686924,32.44680851,90,89.84375,86.11111111
1,7,4.9,2144.995,1983.6,11.747,0.671,80.724,3.03,8.706,28.928,49.364,143.824,0.3127,341.761,1195.822,2.798,2.293,57.009,4.333,9.347,39.731,4.193,52.519,29.04,192.4,311.18,10.11,3.9,0.92,9,3.9,3.3,80.26533997,87.05882353,65.19316182,32.36742974,71.82320442,48.93617021,90,76.171875,91.66666667
1,7,4.9,2144.995,1983.6,11.747,0.671,80.724,3.03,8.706,28.928,49.364,143.824,0.3127,341.761,1195.822,2.798,2.293,57.009,4.333,9.347,39.731,4.193,52.519,28.94,190.11,312.45,10.32,6.11,0.91,9,3.86,3.9,79.98894417,86.02262443,65.4592307,33.03975024,112.5230203,48.40425532,90,75.390625,108.3333333
1,7,4.9,2144.995,1983.6,11.747,0.671,80.724,3.03,8.706,28.928,49.364,143.824,0.3127,341.761,1195.822,2.798,2.293,57.009,4.333,9.347,39.731,4.193,52.519,30.11,191.34,304.5,10.44,3.31,0.9,9,3.5,3.45,83.22277501,86.57918552,63.79368139,33.42393338,60.95764273,47.87234043,90,68.359375,95.83333333
1,7,4.8,2430.592,1905.448,13.41,0.742,76.729,4.319,9.022,35.791,48.887,120.102,0.2857,274.718,1116.75,2.814,2.705,51.948,3.502,11.099,39.523,2.937,55.15,35.46,187.56,256.31,24.56,6,0.97,10,3.1,3.98,98.00995025,84.86877828,53.69772899,78.62948313,110.4972376,51.59574468,100,60.546875,110.5555556
1,7,4.8,2430.592,1905.448,13.41,0.742,76.729,4.319,9.022,35.791,48.887,120.102,0.2857,274.718,1116.75,2.814,2.705,51.948,3.502,11.099,39.523,2.937,55.15,39.14,186.7,245.67,24.15,6.25,0.98,10,3.11,3.64,108.1813156,84.47963801,51.46861644,77.31685739,115.1012891,52.12765957,100,60.7421875,101.1111111
1,7,4.8,2430.592,1905.448,13.41,0.742,76.729,4.319,9.022,35.791,48.887,120.102,0.2857,274.718,1116.75,2.814,2.705,51.948,3.502,11.099,39.523,2.937,55.15,40.21,190.34,248.7,24.64,5.46,0.91,10,3.23,3.75,111.1387507,86.12669683,52.10341071,78.88560522,100.5524862,48.40425532,100,63.0859375,104.1666667
1,7,4.9,1756.99,1360.806,10.403,0.272,56.764,3.112,5.443,26.037,35.418,77.739,0.4738,120.743,1027.561,0.678,3.417,45.892,3.669,7.207,33.063,8.924,52.004,35.44,195.08,325.4,20.56,3.94,0.98,10,3.64,2.65,97.95467109,88.27149321,68.17229532,65.82337838,72.55985267,52.12765957,100,71.09375,73.61111111
1,7,4.9,1756.99,1360.806,10.403,0.272,56.764,3.112,5.443,26.037,35.418,77.739,0.4738,120.743,1027.561,0.678,3.417,45.892,3.669,7.207,33.063,8.924,52.004,33.12,199,311.45,20.45,3.56,0.91,10,3.42,2.99,91.54228856,90.04524887,65.24972765,65.4712105,65.56169429,48.40425532,100,66.796875,83.05555556
1,7,4.9,1756.99,1360.806,10.403,0.272,56.764,3.112,5.443,26.037,35.418,77.739,0.4738,120.743,1027.561,0.678,3.417,45.892,3.669,7.207,33.063,8.924,52.004,36.57,193.1,314.56,20.35,3.95,0.9,10,3.98,2.8,101.0779436,87.37556561,65.90128216,65.15105788,72.74401473,47.87234043,100,77.734375,77.77777778
1,28,5,2165.740005,1768.599418,12.89647869,0.552025417,81.26820228,3.849616097,5.717500662,29.22954726,27.91898332,70.43950225,0.296,141.6438891,918.9769621,1.413510348,6.094299102,44.76766888,12.12417025,11.52869973,29.44162437,10.65989848,63.07106599,28.77,231.3,268.45,18.16,2.83,0.77,9,4.8,2.4,79.51907131,104.6606335,56.24109612,58.13971554,52.11786372,40.95744681,90,93.75,66.66666667
1,28,5,2165.740005,1768.599418,12.89647869,0.552025417,81.26820228,3.849616097,5.717500662,29.22954726,27.91898332,70.43950225,0.296,141.6438891,918.9769621,1.413510348,6.094299102,44.76766888,12.12417025,11.52869973,29.44162437,10.65989848,63.07106599,28.11,241.65,269.1,18,2.82,0.89,9,4.5,2.14,77.69485904,109.3438914,56.37727311,57.62747135,51.93370166,47.34042553,90,87.890625,59.44444444
1,28,5,2165.740005,1768.599418,12.89647869,0.552025417,81.26820228,3.849616097,5.717500662,29.22954726,27.91898332,70.43950225,0.296,141.6438891,918.9769621,1.413510348,6.094299102,44.76766888,12.12417025,11.52869973,29.44162437,10.65989848,63.07106599,29.32,231.15,271.14,18.51,2.8,0.64,9,4.7,2.46,81.0392482,104.5927602,56.80465935,59.2602497,51.56537753,34.04255319,90,91.796875,68.33333333
1,28,5.1,2625.588697,2377.027734,26.6614338,0.081985871,100.2223967,3.483778127,9.434850863,57.54840398,60.23024594,133.1763475,0.2525,316.952593,1158.001572,3.021215296,2.90531692,55.77854898,15.06678889,15.14536406,29.99607124,26.136066,59.28496595,29.91,213.8,330.56,14.57,3.81,1.53,9,4.2,1.81,82.66998342,96.74208145,69.2533311,46.64623653,70.16574586,81.38297872,90,82.03125,50.27777778
1,28,5.1,2625.588697,2377.027734,26.6614338,0.081985871,100.2223967,3.483778127,9.434850863,57.54840398,60.23024594,133.1763475,0.2525,316.952593,1158.001572,3.021215296,2.90531692,55.77854898,15.06678889,15.14536406,29.99607124,26.136066,59.28496595,29.89,213.45,336.13,15.6,3.31,1.5,9,4.6,1.84,82.61470426,96.58371041,70.42026314,49.9438085,60.95764273,79.78723404,90,89.84375,51.11111111
1,28,5.1,2625.588697,2377.027734,26.6614338,0.081985871,100.2223967,3.483778127,9.434850863,57.54840398,60.23024594,133.1763475,0.2525,316.952593,1158.001572,3.021215296,2.90531692,55.77854898,15.06678889,15.14536406,29.99607124,26.136066,59.28496595,29.01,214.6,312.45,15.99,3.67,1.34,9,4.8,1.88,80.18242123,97.1040724,65.4592307,51.19240371,67.58747698,71.27659574,90,93.75,52.22222222
1,28,4.9,2399.841333,2144.651593,25.21486183,0.739653577,90.77085813,3.482744942,8.935607563,58.2969721,64.00899114,136.4537882,0.3098,339.4726381,1285.941434,3.035974559,6.601629787,62.16046111,17.48045581,17.10282231,32.44666755,0,57.0624089,21.35,250.1,421.77,20.56,2.09,0.81,7,4.2,2.1,59.01050304,113.1674208,88.36210509,65.82337838,38.48987109,43.08510638,70,82.03125,58.33333333
1,28,4.9,2399.841333,2144.651593,25.21486183,0.739653577,90.77085813,3.482744942,8.935607563,58.2969721,64.00899114,136.4537882,0.3098,339.4726381,1285.941434,3.035974559,6.601629787,62.16046111,17.48045581,17.10282231,32.44666755,0,57.0624089,21.18,253.1,415.65,20.41,2.21,0.84,7,4.11,1.5,58.54063018,114.5248869,87.07994637,65.34314946,40.69981584,44.68085106,70,80.2734375,41.66666667
1,28,4.9,2399.841333,2144.651593,25.21486183,0.739653577,90.77085813,3.482744942,8.935607563,58.2969721,64.00899114,136.4537882,0.3098,339.4726381,1285.941434,3.035974559,6.601629787,62.16046111,17.48045581,17.10282231,32.44666755,0,57.0624089,20.23,262.71,416.63,20.51,2.18,0.82,6,4.31,1.8,55.91487009,118.8733032,87.28525936,65.66330207,40.14732965,43.61702128,60,84.1796875,50
3,7,4.2,5398.56,4566.782,45.721,1.123,192.482,4.058,21.114,70.061,101.573,173.954,0.583,1170.688,2276.393,13.646,3.305,154.259,10.077,33.981,38.32,6.038,63.703,28.91,219.04,248.19,9.63,4.14,1.06,9,4.7,3.8,79.90602543,99.11312217,51.99656415,30.83069717,76.24309392,56.38297872,90,91.796875,105.5555556
3,7,4.2,5398.56,4566.782,45.721,1.123,192.482,4.058,21.114,70.061,101.573,173.954,0.583,1170.688,2276.393,13.646,3.305,154.259,10.077,33.981,38.32,6.038,63.703,28.79,216.76,212.35,19.82,4.17,1,9,4,3.7,79.57435047,98.08144796,44.48797452,63.45424901,76.79558011,53.19148936,90,78.125,102.7777778
3,7,4.2,5398.56,4566.782,45.721,1.123,192.482,4.058,21.114,70.061,101.573,173.954,0.583,1170.688,2276.393,13.646,3.305,154.259,10.077,33.981,38.32,6.038,63.703,28.95,214.56,210.95,10.54,4.51,1.02,9,5.2,3.6,80.01658375,97.08597285,44.19467024,33.744086,83.05709024,54.25531915,90,101.5625,100
3,7,4.1,5709.397,4871.019,47.736,0.151,200.447,3.475,21.361,69.926,95.973,163.596,0.613,1098.644,2355.225,15.359,3.461,175.112,12.082,35.111,43.719,8.206,63.332,45.7602427,262.54,285.34,18.5,4.91,1,9,3.91,1.8,126.4793883,118.7963801,59.77960278,59.22823444,90.42357274,53.19148936,90,76.3671875,50
3,7,4.1,5709.397,4871.019,47.736,0.151,200.447,3.475,21.361,69.926,95.973,163.596,0.613,1098.644,2355.225,15.359,3.461,175.112,12.082,35.111,43.719,8.206,63.332,36.18,266.71,269.8,18.2,4.64,1,9,3.65,2,100,120.6832579,56.52392525,58.26777658,85.45119705,53.19148936,90,71.2890625,55.55555556
3,7,4.1,5709.397,4871.019,47.736,0.151,200.447,3.475,21.361,69.926,95.973,163.596,0.613,1098.644,2355.225,15.359,3.461,175.112,12.082,35.111,43.719,8.206,63.332,39.54,270.58,166.74,18.71,4.97,1,9,3.99,2.1,109.2868988,122.4343891,34.93254002,59.90055494,91.52854512,53.19148936,90,77.9296875,58.33333333
3,7,4.3,5260.361,5446.334,55.619,0.842,235.122,2.402,35.414,99.562,110.64,174.681,0.7486,1180.592,2264.546,12.673,2.664,162.294,13.29,30.426,36.504,6.318,59.647,27.3,212.67,170.43,18.53,4.03,1,9,3.9,3.6,75.45605307,96.23076923,35.7056063,59.32428023,74.21731123,53.19148936,90,76.171875,100
3,7,4.3,5260.361,5446.334,55.619,0.842,235.122,2.402,35.414,99.562,110.64,174.681,0.7486,1180.592,2264.546,12.673,2.664,162.294,13.29,30.426,36.504,6.318,59.647,39.81,214.58,178.84,19.38,4.11,0.99,7,3.5,3.5,110.0331675,97.09502262,37.46752703,62.04557748,75.69060773,52.65957447,70,68.359375,97.22222222
3,7,4.3,5260.361,5446.334,55.619,0.842,235.122,2.402,35.414,99.562,110.64,174.681,0.7486,1180.592,2264.546,12.673,2.664,162.294,13.29,30.426,36.504,6.318,59.647,24.5,210.63,170.35,23.18,4.15,1,7,3.4,2.9,67.7169707,95.30769231,35.68884606,74.21137699,76.42725599,53.19148936,70,66.40625,80.55555556
3,28,4.1,5510.122536,4429.941396,42.80767182,0.426345232,186.0681939,5.127863612,21.43047416,90.03729355,102.0245072,246.8034097,0.5035,1158.691016,2350.373234,11.55691816,4.986670221,157.4580112,23.24380165,31.24166889,44.05825113,4.283857638,56.264996,39.57942551,294.5065595,364.7269816,22.11,3.349801728,0.8938748,8,4.6,2.6,109.3958693,133.2608866,76.41141825,70.78574397,61.69063956,47.54653191,80,89.84375,72.22222222
3,28,4.1,5510.122536,4429.941396,42.80767182,0.426345232,186.0681939,5.127863612,21.43047416,90.03729355,102.0245072,246.8034097,0.5035,1158.691016,2350.373234,11.55691816,4.986670221,157.4580112,23.24380165,31.24166889,44.05825113,4.283857638,56.264996,40.11,298.76,371.23,17.45,3.34,0.99,9,4.7,2.7,110.8623549,135.1855204,77.7738205,55.86663194,61.51012891,52.65957447,90,91.796875,75
3,28,4.1,5510.122536,4429.941396,42.80767182,0.426345232,186.0681939,5.127863612,21.43047416,90.03729355,102.0245072,246.8034097,0.5035,1158.691016,2350.373234,11.55691816,4.986670221,157.4580112,23.24380165,31.24166889,44.05825113,4.283857638,56.264996,38.17,289.13,365.98,18.43,3.4,1,8,4.65,2.8,105.5002764,130.8280543,76.67392944,59.00412761,62.61510129,53.19148936,80,90.8203125,77.77777778
3,28,4.4,5949.986769,5108.494311,41.59830643,1.581106113,223.3395078,3.756284731,23.22042868,71.75178619,96.08362001,163.2707065,0.6166,1095.683074,1981.113451,8.85232956,4.591010792,148.3614109,19.49526191,33.83785207,36.09831535,5.891023954,52.15846275,25.59224355,259.4011897,264.9753987,11.67,4.693992576,1.24035184,9,4.4,2.2,70.735886,117.3761039,55.51315651,37.36181059,86.44553547,65.9761617,90,85.9375,61.11111111
3,28,4.4,5949.986769,5108.494311,41.59830643,1.581106113,223.3395078,3.756284731,23.22042868,71.75178619,96.08362001,163.2707065,0.6166,1095.683074,1981.113451,8.85232956,4.591010792,148.3614109,19.49526191,33.83785207,36.09831535,5.891023954,52.15846275,27.18,287.645,289.54,13.28,4.51,1.12,9,4.32,2.3,75.12437811,130.1561086,60.65951563,42.51626775,83.05709024,59.57446809,90,84.375,63.88888889
3,28,4.4,5949.986769,5108.494311,41.59830643,1.581106113,223.3395078,3.756284731,23.22042868,71.75178619,96.08362001,163.2707065,0.6166,1095.683074,1981.113451,8.85232956,4.591010792,148.3614109,19.49526191,33.83785207,36.09831535,5.891023954,52.15846275,26.14,284.67,275.14,14.44,4.16,1.14,8,4.31,2.3,72.2498618,128.8099548,57.64267158,46.23003813,76.61141805,60.63829787,80,84.1796875,63.88888889
3,28,4.1,5083.443709,4446.357616,39.54966887,0.211523179,194.7019868,3.695364238,19.25827815,72.38410596,90.64900662,157.8807947,0.6413,942.4814028,1993.557386,10.41113177,5.629981403,137.9848565,22.14731668,37.20111583,42.16259299,7.816817216,60.87274176,29.02262197,259.7003924,164.3557199,15.56,3.871305984,0.933308133,8,4.7,2.2,80.21730782,117.5114898,34.43302603,49.81574745,71.2947695,49.64404965,80,91.796875,61.11111111
3,28,4.1,5083.443709,4446.357616,39.54966887,0.211523179,194.7019868,3.695364238,19.25827815,72.38410596,90.64900662,157.8807947,0.6413,942.4814028,1993.557386,10.41113177,5.629981403,137.9848565,22.14731668,37.20111583,42.16259299,7.816817216,60.87274176,30.11,280.15,250.54,16.74,3.32,0.75,7,4.8,2.1,83.22277501,126.7647059,52.48889634,53.59354835,61.14180479,39.89361702,70,93.75,58.33333333
3,28,4.1,5083.443709,4446.357616,39.54966887,0.211523179,194.7019868,3.695364238,19.25827815,72.38410596,90.64900662,157.8807947,0.6413,942.4814028,1993.557386,10.41113177,5.629981403,137.9848565,22.14731668,37.20111583,42.16259299,7.816817216,60.87274176,33.28,265.43,273.16,13.47,3.93,0.9,8,4.7,2.2,91.98452184,120.1040724,57.22785553,43.12455772,72.37569061,47.87234043,80,91.796875,61.11111111
7.5,7,4.1,8672.437,7086.551,32.81,2.172,290.28,2.896,54.194,54.727,160.053,94.035,1.4331,5484.687,5692.41,50.623,3.491,440.213,14.74,82.111,44.031,11.774,64.294,14.01443272,215.2381163,141.7537157,22.42590697,3.822,1.055,9,4.1,3,38.73530325,97.39281282,29.69783702,71.79712841,70.38674033,56.11702128,90,80.078125,83.33333333
7.5,7,4.1,8672.437,7086.551,32.81,2.172,290.28,2.896,54.194,54.727,160.053,94.035,1.4331,5484.687,5692.41,50.623,3.491,440.213,14.74,82.111,44.031,11.774,64.294,14.12,213.5,143.5,23.15,3.38,1.01,9,4.11,3,39.02708679,96.60633484,30.06368893,74.1153312,62.24677716,53.72340426,90,80.2734375,83.33333333
7.5,7,4.1,8672.437,7086.551,32.81,2.172,290.28,2.896,54.194,54.727,160.053,94.035,1.4331,5484.687,5692.41,50.623,3.491,440.213,14.74,82.111,44.031,11.774,64.294,15.31,215.6,140.1,20.11,3.42,1.1,9,4.35,4,42.31619679,97.55656109,29.35137853,64.3826916,62.98342541,58.5106383,90,84.9609375,111.1111111
7.5,7,4,8331.344,7193.262,56.135,1.306,284.52,2.232,38.52,72.463,119.485,150.285,2.154,6963.788,7742.738,67.28,7.584,546.657,11.61,86.421,47.573,13.868,66.743,18.90995461,193.9819323,184.4217269,16.36290318,4.719,0.843,8,3.3,3.2,52.26632008,87.77463002,38.63691589,52.38626302,86.90607735,44.84042553,80,64.453125,88.88888889
7.5,7,4,8331.344,7193.262,56.135,1.306,284.52,2.232,38.52,72.463,119.485,150.285,2.154,6963.788,7742.738,67.28,7.584,546.657,11.61,86.421,47.573,13.868,66.743,16.01,190.7,189.7,16.87,4.51,0.89,8,3.5,3.5,44.25096739,86.28959276,39.74273024,54.00974676,83.05709024,47.34042553,80,68.359375,97.22222222
7.5,7,4,8331.344,7193.262,56.135,1.306,284.52,2.232,38.52,72.463,119.485,150.285,2.154,6963.788,7742.738,67.28,7.584,546.657,11.61,86.421,47.573,13.868,66.743,17.84,201.5,180.5,16.59,4.55,0.9,8,3.6,3.4,49.3090105,91.17647059,37.8153021,53.11331942,83.79373849,47.87234043,80,70.3125,94.44444444
7.5,7,4.2,7789.923,6762.197,59.957,2.086,288.057,2.297,41.002,71.581,124.913,160.624,1.5881,5174.62,5942.415,48.897,2.893,453.579,10.527,82.138,43.408,11.387,57.985,16.22,199.3824567,113.2012194,25.44739607,3.764,0.83,8,3.8,3.1,44.83139856,90.21830621,23.71600172,81.47050489,69.31860037,44.14893617,80,74.21875,86.11111111
7.5,7,4.2,7789.923,6762.197,59.957,2.086,288.057,2.297,41.002,71.581,124.913,160.624,1.5881,5174.62,5942.415,48.897,2.893,453.579,10.527,82.138,43.408,11.387,57.985,17.32,200.8,115.5,24.11,3.71,0.81,8,4,3.2,47.87175235,90.85972851,24.19760329,77.18879634,68.32412523,43.08510638,80,78.125,88.88888889
7.5,7,4.2,7789.923,6762.197,59.957,2.086,288.057,2.297,41.002,71.581,124.913,160.624,1.5881,5174.62,5942.415,48.897,2.893,453.579,10.527,82.138,43.408,11.387,57.985,16.32,201.9,110.2,24.45,3.75,0.81,8,3.9,3.1,45.10779436,91.35746606,23.08723707,78.27731525,69.06077348,43.08510638,80,76.171875,86.11111111
7.5,28,4,8206.751055,6943.565401,55.65664557,1.491297468,296.4135021,2.645042194,24.8285865,82.2257384,129.0875527,159.1508439,1.3334,3972.703063,4737.683089,49.12450067,4.985352863,368.608522,23.34886818,72.55326232,48.48535286,17.39680426,63.66511318,24.3231066,224.7439578,240.7458002,17.33,3.79165696,0.852580213,7,3.9,3.4,67.22804478,101.6940985,50.43698151,55.4824488,69.82793665,45.35001135,70,76.171875,94.44444444
7.5,28,4,8206.751055,6943.565401,55.65664557,1.491297468,296.4135021,2.645042194,24.8285865,82.2257384,129.0875527,159.1508439,1.3334,3972.703063,4737.683089,49.12450067,4.985352863,368.608522,23.34886818,72.55326232,48.48535286,17.39680426,63.66511318,25.16,225.16,243.15,18.21,3.81,0.87,7,3.9,3.51,69.54118297,101.8823529,50.94066873,58.29979185,70.16574586,46.27659574,70,76.171875,97.5
7.5,28,4,8206.751055,6943.565401,55.65664557,1.491297468,296.4135021,2.645042194,24.8285865,82.2257384,129.0875527,159.1508439,1.3334,3972.703063,4737.683089,49.12450067,4.985352863,368.608522,23.34886818,72.55326232,48.48535286,17.39680426,63.66511318,23.14,231.15,244.56,17.99,3.71,0.84,6,3.8,3.3,63.95798784,104.5927602,51.23606805,57.59545609,68.32412523,44.68085106,60,74.21875,91.66666667
7.5,28,3.9,8837.425348,7591.240876,56.62906437,1.656270737,314.9303251,2.236230922,48.42733908,87.73722628,158.4605176,162.3092236,1.8716,3805.212893,4411.062475,40.60883406,5.394946279,347.1945881,21.4683645,79.59610028,48.23915639,22.97055312,61.35097493,34.81533998,263.2471823,186.4052351,16.36290318,3.519699456,0.93040584,7,3.8,1.9,96.22813705,119.1163721,39.05246692,52.38626302,64.81951116,49.48967234,70,74.21875,52.77777778
7.5,28,3.9,8837.425348,7591.240876,56.62906437,1.656270737,314.9303251,2.236230922,48.42733908,87.73722628,158.4605176,162.3092236,1.8716,3805.212893,4411.062475,40.60883406,5.394946279,347.1945881,21.4683645,79.59610028,48.23915639,22.97055312,61.35097493,35.41,270.81,189.71,17.9,3.45,0.9,7,3.7,2.01,97.87175235,122.5384615,39.74482527,57.30731873,63.5359116,47.87234043,70,72.265625,55.83333333
7.5,28,3.9,8837.425348,7591.240876,56.62906437,1.656270737,314.9303251,2.236230922,48.42733908,87.73722628,158.4605176,162.3092236,1.8716,3805.212893,4411.062475,40.60883406,5.394946279,347.1945881,21.4683645,79.59610028,48.23915639,22.97055312,61.35097493,35.12,270.53,201.67,19.9,3.87,0.91,7,3.71,2.2,97.07020453,122.4117647,42.25048186,63.7103711,71.27071823,48.40425532,70,72.4609375,61.11111111
7.5,28,3,11624.98346,9408.495435,67.57972741,3.736932645,415.5087998,2.433505359,28.8209607,88.88447797,155.2203255,183.6707688,1.4669,3564.049587,4445.814449,38.32977873,5.460543855,380.7984537,24.33351106,77.98920288,47.16742202,28.27246068,55.24526793,33.09509539,255.4790381,191.2044988,15.34,3.242896384,0.817153307,5,4.4,2.7,91.47345326,115.6013747,40.05792735,49.11141169,59.72184869,43.46560142,50,85.9375,75
7.5,28,3,11624.98346,9408.495435,67.57972741,3.736932645,415.5087998,2.433505359,28.8209607,88.88447797,155.2203255,183.6707688,1.4669,3564.049587,4445.814449,38.32977873,5.460543855,380.7984537,24.33351106,77.98920288,47.16742202,28.27246068,55.24526793,31.4,259.4,190.41,14.3,3.3,0.79,4,4.41,2.5,86.78828082,117.3755656,39.89147742,45.78182446,60.77348066,42.0212766,40,86.1328125,69.44444444
7.5,28,3,11624.98346,9408.495435,67.57972741,3.736932645,415.5087998,2.433505359,28.8209607,88.88447797,155.2203255,183.6707688,1.4669,3564.049587,4445.814449,38.32977873,5.460543855,380.7984537,24.33351106,77.98920288,47.16742202,28.27246068,55.24526793,33.21,250.51,193.54,14.2,3.41,0.81,6,4.52,2.4,91.79104478,113.3529412,40.54722199,45.46167184,62.79926335,43.08510638,60,88.28125,66.66666667
15,7,3.8,9034.657,7806.4,60.51,2.18,306.201,1.9,72.66,91.435,235.56,172.221,2.849,12617.846,12299.163,126.776,4.762,645.133,14.191,126.577,51.876,67.571,56.337,23.81659194,226.7235149,194.2789807,30.24172048,3.764,0.857,7,2.7,2.7,65.82805953,102.5898258,40.70204071,96.81966001,69.31860037,45.58510638,70,52.734375,75
15,7,3.8,9034.657,7806.4,60.51,2.18,306.201,1.9,72.66,91.435,235.56,172.221,2.849,12617.846,12299.163,126.776,4.762,645.133,14.191,126.577,51.876,67.571,56.337,22.89,231.9,200.3,32.4,3.75,0.87,7,2.4,2.8,63.26699834,104.9321267,41.96346267,103.7294484,69.06077348,46.27659574,70,46.875,77.77777778
15,7,3.8,9034.657,7806.4,60.51,2.18,306.201,1.9,72.66,91.435,235.56,172.221,2.849,12617.846,12299.163,126.776,4.762,645.133,14.191,126.577,51.876,67.571,56.337,24.01,224.56,198.5,30.9,3.5,0.86,7,2.5,2.75,66.36263129,101.6108597,41.58635716,98.92715915,64.45672192,45.74468085,70,48.828125,76.38888889
15,7,3.7,8477.549,7468.255,55.426,2.89,290.221,2.05,63.49,95.732,240.215,170.441,2.514,12567.09,12036.916,122.824,5.407,666.154,13.451,126.849,56.552,47.725,66.625,22.1435,202.8001495,108.7205044,23.09652291,4.373,1.016,9,3.1,2.7,61.2037037,91.76477351,22.77727823,73.9441229,80.53406998,54.04255319,90,60.546875,75
15,7,3.7,8477.549,7468.255,55.426,2.89,290.221,2.05,63.49,95.732,240.215,170.441,2.514,12567.09,12036.916,122.824,5.407,666.154,13.451,126.849,56.552,47.725,66.625,23.14,201.87,153.3,25.6,4.11,1,8,3.11,2.65,63.95798784,91.3438914,32.11681891,81.95907036,75.69060773,53.19148936,80,60.7421875,73.61111111
15,7,3.7,8477.549,7468.255,55.426,2.89,290.221,2.05,63.49,95.732,240.215,170.441,2.514,12567.09,12036.916,122.824,5.407,666.154,13.451,126.849,56.552,47.725,66.625,25.16,205.75,153.6,24.3,4.53,0.99,8,3.24,2.43,69.54118297,93.09954751,32.17966982,77.79708632,83.42541436,52.65957447,80,63.28125,67.5
15,7,3.8,8529.257,7635.791,56.639,1.45,292.705,1.863,61.664,86.788,225.663,173.97,2.935,9247.573,9022.238,92.958,3.696,565.501,13.53,101.647,51.187,49.918,63.379,20.17376857,185.7415092,173.5443579,23.99190901,4.179,0.993,7,3,2.3,55.75944879,84.04593177,36.35807382,76.81072494,76.96132597,52.81914894,70,58.59375,63.88888889
15,7,3.8,8529.257,7635.791,56.639,1.45,292.705,1.863,61.664,86.788,225.663,173.97,2.935,9247.573,9022.238,92.958,3.696,565.501,13.53,101.647,51.187,49.918,63.379,21.18,189.34,180.9,25.4,4.21,0.97,7,3,2.15,58.54063018,85.67420814,37.89910333,81.31876512,77.53222836,51.59574468,70,58.59375,59.72222222
15,7,3.8,8529.257,7635.791,56.639,1.45,292.705,1.863,61.664,86.788,225.663,173.97,2.935,9247.573,9022.238,92.958,3.696,565.501,13.53,101.647,51.187,49.918,63.379,22.35,201.45,178.5,24.1,4.14,0.96,8,3,2.21,61.77446103,91.15384615,37.39629599,77.15678108,76.24309392,51.06382979,80,58.59375,61.38888889
15,28,3.9,8317.079599,6899.051133,58.01265156,2.804428044,288.0864523,1.875329468,68.37111228,101.3574064,223.2472325,161.0437533,4.313,12568.05205,12259.32811,118.2113929,5.542092684,677.7984331,13.78303014,153.3660868,54.91302616,72.66963219,61.51573496,39.22881313,304.4839738,255.4311303,15.23,3.442776064,0.796237867,4,3.3,1.9,108.4267914,137.7755538,53.5136031,48.75924381,63.40287411,42.35307801,40,64.453125,52.77777778
15,28,3.9,8317.079599,6899.051133,58.01265156,2.804428044,288.0864523,1.875329468,68.37111228,101.3574064,223.2472325,161.0437533,4.313,12568.05205,12259.32811,118.2113929,5.542092684,677.7984331,13.78303014,153.3660868,54.91302616,72.66963219,61.51573496,40.11,305.6,254.6,14.63,3.51,0.78,4,3.7,2,110.8623549,138.280543,53.33947876,46.8383281,64.64088398,41.4893617,40,72.265625,55.55555556
15,28,3.9,8317.079599,6899.051133,58.01265156,2.804428044,288.0864523,1.875329468,68.37111228,101.3574064,223.2472325,161.0437533,4.313,12568.05205,12259.32811,118.2113929,5.542092684,677.7984331,13.78303014,153.3660868,54.91302616,72.66963219,61.51573496,39.4,301.33,276.8,17.85,3.51,0.76,3,3.9,1.6,108.8999447,136.3484163,57.99044666,57.14724242,64.64088398,40.42553191,30,76.171875,44.44444444
15,28,3.7,8381.623597,7328.373793,60.38893239,4.738971548,296.1367789,1.397807361,78.30853563,87.90133125,216.7841295,151.0049595,3.072,14589.60597,13843.435,139.2197932,2.835449666,751.3745255,10.8980233,159.7394947,50.42544836,41.6775756,56.28681765,29.47251471,208.0469296,384.5220012,16.1,3.306040192,0.67535104,6,3.9,1.2,81.46079246,94.13888217,80.5585354,51.54457159,60.88471808,35.92292766,60,76.171875,33.33333333
15,28,3.7,8381.623597,7328.373793,60.38893239,4.738971548,296.1367789,1.397807361,78.30853563,87.90133125,216.7841295,151.0049595,3.072,14589.60597,13843.435,139.2197932,2.835449666,751.3745255,10.8980233,159.7394947,50.42544836,41.6775756,56.28681765,29.4,205.76,345.6,14.51,3.31,0.66,4,3.8,1.4,81.26036484,93.1040724,72.4042571,46.45414496,60.95764273,35.10638298,40,74.21875,38.88888889
15,28,3.7,8381.623597,7328.373793,60.38893239,4.738971548,296.1367789,1.397807361,78.30853563,87.90133125,216.7841295,151.0049595,3.072,14589.60597,13843.435,139.2197932,2.835449666,751.3745255,10.8980233,159.7394947,50.42544836,41.6775756,56.28681765,20.6,211.56,360.8,14,3.45,0.71,5,3.7,1.4,56.93753455,95.72850679,75.5887036,44.8213666,63.5359116,37.76595745,50,72.265625,38.88888889
15,28,3.8,8818.5935,7695.791156,52.23761321,1.884656367,299.680341,2.847629196,69.67234949,151.4384656,226.8247203,243.0740543,4.041,13224.87536,13264.23511,130.2807662,4.634610338,702.0795067,12.65415901,158.0293886,54.32629231,42.64628706,121.6216216,37.8991892,322.7660244,300.9891355,13.99,2.912489216,0.771252907,3,3.5,2.8,104.7517667,146.0479748,63.05814453,44.78935134,53.63700214,41.02409078,30,68.359375,77.77777778
15,28,3.8,8818.5935,7695.791156,52.23761321,1.884656367,299.680341,2.847629196,69.67234949,151.4384656,226.8247203,243.0740543,4.041,13224.87536,13264.23511,130.2807662,4.634610338,702.0795067,12.65415901,158.0293886,54.32629231,42.64628706,121.6216216,36.5,301.4,301.4,14.9,2.18,0.8,3,3.4,2.3,100.8844666,136.3800905,63.14422191,47.70274017,40.14732965,42.55319149,30,66.40625,63.88888889
15,28,3.8,8818.5935,7695.791156,52.23761321,1.884656367,299.680341,2.847629196,69.67234949,151.4384656,226.8247203,243.0740543,4.041,13224.87536,13264.23511,130.2807662,4.634610338,702.0795067,12.65415901,158.0293886,54.32629231,42.64628706,121.6216216,30.7,300.4,305.4,14.2,1.87,0.74,4,3.71,2.6,84.85351023,135.9276018,63.98223414,45.46167184,34.43830571,39.36170213,40,72.4609375,72.22222222
25,7,2.9,8390.683,7441.768,55.691,2.667,284.145,1.439,111.13,103.441,329.539,165.034,3,16764.823,15831.789,161.395,3.751,717.84,20.934,171.519,57.937,85.035,57.947,17.65292955,176.1440587,153.2799899,23.44817714,3.52,0.833,6,2.4,2.2,48.79195565,79.70319397,32.11262673,75.06995312,64.82504604,44.30851064,60,46.875,61.11111111
25,7,2.9,8390.683,7441.768,55.691,2.667,284.145,1.439,111.13,103.441,329.539,165.034,3,16764.823,15831.789,161.395,3.751,717.84,20.934,171.519,57.937,85.035,57.947,17.33,177.68,154.71,24.35,3.54,0.71,6,2.36,2.11,47.89939193,80.39819005,32.41221822,77.95716263,65.19337017,37.76595745,60,46.09375,58.61111111
25,7,2.9,8390.683,7441.768,55.691,2.667,284.145,1.439,111.13,103.441,329.539,165.034,3,16764.823,15831.789,161.395,3.751,717.84,20.934,171.519,57.937,85.035,57.947,17.14,177.45,155.14,22.5,3.51,0.71,6,2.41,2.34,47.37423991,80.29411765,32.50230453,72.03433918,64.64088398,37.76595745,60,47.0703125,65
25,7,3,8643.504,7112.62,57.042,2.893,281.949,1.603,110.556,104.127,371.406,165.868,3.13,16553.514,15944.489,141.773,3.895,729.832,23.193,163.438,53.534,57.827,102.037,27.70963931,193.2517764,193.9420817,26.09332835,3.774,0.816,6,2.6,3.4,76.58827892,87.4442427,40.63145934,83.53847399,69.50276243,43.40425532,60,50.78125,94.44444444
25,7,3,8643.504,7112.62,57.042,2.893,281.949,1.603,110.556,104.127,371.406,165.868,3.13,16553.514,15944.489,141.773,3.895,729.832,23.193,163.438,53.534,57.827,102.037,27.14,198.25,201.4,27.18,3.6,0.89,6,2.76,3.41,75.01381979,89.70588235,42.19391603,87.01748173,66.29834254,47.34042553,60,53.90625,94.72222222
25,7,3,8643.504,7112.62,57.042,2.893,281.949,1.603,110.556,104.127,371.406,165.868,3.13,16553.514,15944.489,141.773,3.895,729.832,23.193,163.438,53.534,57.827,102.037,27.11,201.35,204.5,26.51,3.61,0.81,5,2.5,3.41,74.93090105,91.10859729,42.84337551,84.87245919,66.4825046,43.08510638,50,48.828125,94.72222222
25,7,2.8,8694.552,7078.727,63.474,3.806,267.35,1.712,96.51,99.76,316.238,191.688,3.24,17643.533,15995.071,156.754,3.773,737.911,20.701,155.255,51.682,67.517,67.007,24.5683,164.3779937,163.6943838,17.49896143,4.319,0.868,6,2.5,3.1,67.90574903,74.37918268,34.2944741,56.02338323,79.53959484,46.17021277,60,48.828125,86.11111111
25,7,2.8,8694.552,7078.727,63.474,3.806,267.35,1.712,96.51,99.76,316.238,191.688,3.24,17643.533,15995.071,156.754,3.773,737.911,20.701,155.255,51.682,67.517,67.007,25.46,164.5,176.18,18.1,4.11,0.86,6,2.43,3.22,70.37037037,74.43438914,36.91024889,57.94762397,75.69060773,45.74468085,60,47.4609375,89.44444444
25,7,2.8,8694.552,7078.727,63.474,3.806,267.35,1.712,96.51,99.76,316.238,191.688,3.24,17643.533,15995.071,156.754,3.773,737.911,20.701,155.255,51.682,67.517,67.007,25.16,167.18,170.81,19,4.15,0.81,5,2.44,3.44,69.54118297,75.64705882,35.78521746,60.82899753,76.42725599,43.08510638,50,47.65625,95.55555556
25,28,3.2,9520.275643,8038.695998,63.62311158,3.851046912,356.2152134,1.575669229,132.9181023,127.8558177,329.1810231,172.9393056,3.23,14749.86765,14541.42403,134.5950238,6.897498677,683.0002647,7.457318687,196.433298,62.49338274,109.6810482,86.39491795,31.94154358,316.3907389,302.0310205,13.45,2.720180736,1.07870672,3,3.2,1.1,88.28508453,143.1632303,63.27642264,43.0605272,50.0954095,57.37801702,30,62.5,30.55555556
25,28,3.2,9520.275643,8038.695998,63.62311158,3.851046912,356.2152134,1.575669229,132.9181023,127.8558177,329.1810231,172.9393056,3.23,14749.86765,14541.42403,134.5950238,6.897498677,683.0002647,7.457318687,196.433298,62.49338274,109.6810482,86.39491795,32.18,314.51,301.65,14.51,2.51,1,3.13,3.42,1.11,88.94416805,142.3122172,63.19659767,46.45414496,46.22467772,53.19148936,31.3,66.796875,30.83333333
25,28,3.2,9520.275643,8038.695998,63.62311158,3.851046912,356.2152134,1.575669229,132.9181023,127.8558177,329.1810231,172.9393056,3.23,14749.86765,14541.42403,134.5950238,6.897498677,683.0002647,7.457318687,196.433298,62.49338274,109.6810482,86.39491795,31.14,315.61,300.67,14.52,2.78,1.11,2.89,3.45,1.213,86.06965174,142.8099548,62.99128467,46.48616022,51.19705341,59.04255319,28.9,67.3828125,33.69444444
25,28,3,12561.29713,10574.74295,70.1555497,6.30635381,603.4800949,1.678091221,119.3778012,120.3532824,306.8810968,164.1181123,3.38,14886.18211,14536.74121,122.9033546,6.145167732,664.3370607,7.382188498,186.6014377,50.29952077,46.41573482,57.86741214,31.70029643,277.687979,192.5335694,16.09,3.719579136,1.297766773,3,2.8,1.8,87.61828753,125.6506692,40.33637171,51.51255633,68.50053657,69.03014752,30,54.6875,50
25,28,3,12561.29713,10574.74295,70.1555497,6.30635381,603.4800949,1.678091221,119.3778012,120.3532824,306.8810968,164.1181123,3.38,14886.18211,14536.74121,122.9033546,6.145167732,664.3370607,7.382188498,186.6014377,50.29952077,46.41573482,57.86741214,33.8,330.86,202.345,15.71,3.45,1.41,2.87,2.67,1.76,93.42177999,149.7104072,42.39189642,50.29597638,63.5359116,75,28.7,52.1484375,48.88888889
25,28,3,12561.29713,10574.74295,70.1555497,6.30635381,603.4800949,1.678091221,119.3778012,120.3532824,306.8810968,164.1181123,3.38,14886.18211,14536.74121,122.9033546,6.145167732,664.3370607,7.382188498,186.6014377,50.29952077,46.41573482,57.86741214,32.45,227.6,245.6,15.72,3.24,1.4,2.45,2.98,1.77,89.69043671,102.9864253,51.45395123,50.32799164,59.66850829,74.46808511,24.5,58.203125,49.16666667
25,28,3.1,8238.22642,7272.727273,54.912764,2.105470287,279.679916,1.479732389,123.284796,108.7104814,295.42175,157.1559753,3.17,13077.79406,13187.69149,115.0925803,4.246037032,691.7543626,9.276342081,176.0357,55.87784734,55.96776342,77.23791128,32.51095253,233.4763281,166.7652456,7.05,2.412487168,0.681408,2,2.9,1.7,89.85890693,105.6453973,34.93782905,22.57075961,44.42886129,36.24510638,20,56.640625,47.22222222
25,28,3.1,8238.22642,7272.727273,54.912764,2.105470287,279.679916,1.479732389,123.284796,108.7104814,295.42175,157.1559753,3.17,13077.79406,13187.69149,115.0925803,4.246037032,691.7543626,9.276342081,176.0357,55.87784734,55.96776342,77.23791128,34.51,234.5,150.67,10.8,2.25,0.78,3,2.91,1.65,95.38419016,106.1085973,31.56582586,34.57648281,41.43646409,41.4893617,30,56.8359375,45.83333333
25,28,3.1,8238.22642,7272.727273,54.912764,2.105470287,279.679916,1.479732389,123.284796,108.7104814,295.42175,157.1559753,3.17,13077.79406,13187.69149,115.0925803,4.246037032,691.7543626,9.276342081,176.0357,55.87784734,55.96776342,77.23791128,34.16,247.8,153.4,11.45,2.64,0.81,3.11,2.89,1.64,94.41680486,112.1266968,32.13776921,36.65747483,48.61878453,43.08510638,31.1,56.4453125,45.55555556
40,7,3.1,8475.085,7428.907,53.131,3.591,299.896,1.572,144.534,114.832,406.731,168.406,3.769,19713.671,18441.821,175.32,3.841,803.711,21.445,191.364,58.124,106.835,59.914,20.70499724,135.3388863,139.2230658,28.33891783,3.502,0.815,3,1.2,2.5,57.22774252,61.23931506,29.16765814,90.72778752,64.49355433,43.35106383,30,23.4375,69.44444444
40,7,3.1,8475.085,7428.907,53.131,3.591,299.896,1.572,144.534,114.832,406.731,168.406,3.769,19713.671,18441.821,175.32,3.841,803.711,21.445,191.364,58.124,106.835,59.914,20.71,133.41,140.11,29.76,3.35,0.91,3,1.11,2.2,57.24156993,60.36651584,29.35347356,95.27741929,61.69429098,48.40425532,30,21.6796875,61.11111111
40,7,3.1,8475.085,7428.907,53.131,3.591,299.896,1.572,144.534,114.832,406.731,168.406,3.769,19713.671,18441.821,175.32,3.841,803.711,21.445,191.364,58.124,106.835,59.914,20.56,138.76,134.5,25.67,3.6,0.56,3,1.34,2.24,56.82697623,62.78733032,28.1781614,82.18317719,66.29834254,29.78723404,30,26.171875,62.22222222
40,7,2.9,8879.037,7711.752,56.564,4.999,293.674,1.538,203.944,82.411,420.99,159.079,5.273,18511.779,17340.524,152.462,1.961,768.264,22.571,182.934,46.483,72.806,63.188,28.2238,158.1989392,173.6107641,24.15089673,1.947,0.71,1,1.3,3.4,78.00939746,71.58323039,36.3719861,77.31972829,35.85635359,37.76595745,10,25.390625,94.44444444
40,7,2.9,8879.037,7711.752,56.564,4.999,293.674,1.538,203.944,82.411,420.99,159.079,5.273,18511.779,17340.524,152.462,1.961,768.264,22.571,182.934,46.483,72.806,63.188,29.15,165.18,180.45,24.35,2.1,0.55,3,1.34,2.45,80.56937535,74.74208145,37.80482695,77.95716263,38.67403315,29.25531915,30,26.171875,68.05555556
40,7,2.9,8879.037,7711.752,56.564,4.999,293.674,1.538,203.944,82.411,420.99,159.079,5.273,18511.779,17340.524,152.462,1.961,768.264,22.571,182.934,46.483,72.806,63.188,28.94,167.51,189.71,26.7,2.23,0.56,2,1.67,3.35,79.98894417,75.79638009,39.74482527,85.48074916,41.06813996,29.78723404,20,32.6171875,93.05555556
40,7,3,9051.667,7287.82,66.41,4.157,293.133,1.671,149.157,113.906,475.229,172.799,4.04,20361.27,19026.431,164.066,4.264,810.167,22.583,202.517,60.456,105.592,62.319,34.62640195,135.3388863,139.2230658,28.33891783,2.746,0.746,5,1.6,2.4,95.70592026,61.23931506,29.16765814,90.72778752,50.57090239,39.68085106,50,31.25,66.66666667
40,7,3,9051.667,7287.82,66.41,4.157,293.133,1.671,149.157,113.906,475.229,172.799,4.04,20361.27,19026.431,164.066,4.264,810.167,22.583,202.517,60.456,105.592,62.319,35.41,140.2,146.5,29.54,2.4,0.72,2,1.35,3,97.87175235,63.43891403,30.69219811,94.57308353,44.19889503,38.29787234,20,26.3671875,83.33333333
40,7,3,9051.667,7287.82,66.41,4.157,293.133,1.671,149.157,113.906,475.229,172.799,4.04,20361.27,19026.431,164.066,4.264,810.167,22.583,202.517,60.456,105.592,62.319,35.16,141.67,134.6,24.6,2.5,0.75,3,1.42,3.11,97.18076285,64.1040724,28.19911171,78.75754417,46.04051565,39.89361702,30,27.734375,86.38888889
40,28,2.9,9751.131222,8594.62337,60.20761246,4.731168485,402.5818472,1.2760181,166.0899654,132.0867714,393.2659036,168.4854937,5.3,18891.86016,18422.25411,160.1552309,8.322788938,784.9269502,4.053287242,231.5744847,57.48760762,87.84568223,61.26402296,27.11467013,222.0406515,142.3332437,8.34,2.261063168,0.64563408,0,1.9,1.1,74.94380909,100.470883,29.81924992,26.70072839,41.64020567,34.3422383,0,37.109375,30.55555556
40,28,2.9,9751.131222,8594.62337,60.20761246,4.731168485,402.5818472,1.2760181,166.0899654,132.0867714,393.2659036,168.4854937,5.3,18891.86016,18422.25411,160.1552309,8.322788938,784.9269502,4.053287242,231.5744847,57.48760762,87.84568223,61.26402296,28.11,221.23,114.56,9.11,2.23,0.45,0,1.1,1,77.69485904,100.1040724,24.00067041,29.16590355,41.06813996,23.93617021,0,21.484375,27.77777778
40,28,2.9,9751.131222,8594.62337,60.20761246,4.731168485,402.5818472,1.2760181,166.0899654,132.0867714,393.2659036,168.4854937,5.3,18891.86016,18422.25411,160.1552309,8.322788938,784.9269502,4.053287242,231.5744847,57.48760762,87.84568223,61.26402296,28.9,220.18,143.19,7.88,3.11,0.61,0,1.8,1,79.87838585,99.62895928,29.99874298,25.22802635,57.27440147,32.44680851,0,35.15625,27.77777778
40,28,3,9178.459119,7872.1174,64.4129979,3.901991614,352.3322851,1.06629979,218.2914046,112.6179245,438.2861635,152.1226415,7.273,18233.85389,17400.07941,163.6778719,3.943554791,747.5185283,4.774351509,235.8390683,55.89266808,72.87586024,56.34925887,19.58986725,205.1775351,97.812406,4.15,2.527720832,0.63049168,0,1.4,1.1,54.14557007,92.84051362,20.49199824,13.28633367,46.55102821,33.53679149,0,27.34375,30.55555556
40,28,3,9178.459119,7872.1174,64.4129979,3.901991614,352.3322851,1.06629979,218.2914046,112.6179245,438.2861635,152.1226415,7.273,18233.85389,17400.07941,163.6778719,3.943554791,747.5185283,4.774351509,235.8390683,55.89266808,72.87586024,56.34925887,19.78,204.12,98.87,5.16,2.45,0.64,0,1.3,0.9,54.671089,92.36199095,20.71356742,16.51987512,45.11970534,34.04255319,0,25.390625,25
40,28,3,9178.459119,7872.1174,64.4129979,3.901991614,352.3322851,1.06629979,218.2914046,112.6179245,438.2861635,152.1226415,7.273,18233.85389,17400.07941,163.6778719,3.943554791,747.5185283,4.774351509,235.8390683,55.89266808,72.87586024,56.34925887,19.4,160.87,99.8,5.54,2.18,0.76,0,1.34,0.8,53.62078496,72.7918552,20.90840526,17.73645507,40.14732965,40.42553191,0,26.171875,22.22222222
40,28,3.1,8760.991207,7636.557421,64.77484679,3.108180123,357.3141487,1.537436717,253.6637357,89.32853717,353.1841194,161.0711431,7.681,19823.34971,18368.9733,146.633019,2.965533271,789.1486253,4.270487449,231.9033072,51.34147961,84.46340816,74.40231106,7.205819645,159.9640971,138.1367956,8.22,2.141286784,0.629955387,0,1.2,0.8,19.91658277,72.38194439,28.94008119,26.31654525,39.43437908,33.50826525,0,23.4375,22.22222222
40,28,3.1,8760.991207,7636.557421,64.77484679,3.108180123,357.3141487,1.537436717,253.6637357,89.32853717,353.1841194,161.0711431,7.681,19823.34971,18368.9733,146.633019,2.965533271,789.1486253,4.270487449,231.9033072,51.34147961,84.46340816,74.40231106,8,140.87,140.51,9.76,2.11,0.6,0,1.1,0.7,22.1116639,63.74208145,29.43727478,31.24689557,38.85819521,31.91489362,0,21.484375,19.44444444
40,28,3.1,8760.991207,7636.557421,64.77484679,3.108180123,357.3141487,1.537436717,253.6637357,89.32853717,353.1841194,161.0711431,7.681,19823.34971,18368.9733,146.633019,2.965533271,789.1486253,4.270487449,231.9033072,51.34147961,84.46340816,74.40231106,9,143.15,143.5,9.4,2.16,0.41,0,1.23,0.7,24.87562189,64.77375566,30.06368893,30.09434615,39.77900552,21.80851064,0,24.0234375,19.44444444
